<?xml version="1.0"?>
<doc>
    <assembly>
        <name>fftwlib</name>
    </assembly>
    <members>
        <member name="T:fftwlib.fftw_flags">
            <summary>
            FFTW planner flags
            </summary>
        </member>
        <member name="F:fftwlib.fftw_flags.Measure">
            <summary>
            Tells FFTW to find an optimized plan by actually computing several FFTs and measuring their execution time. 
            Depending on your machine, this can take some time (often a few seconds). Default (0x0). 
            </summary>
        </member>
        <member name="F:fftwlib.fftw_flags.DestroyInput">
            <summary>
            Specifies that an out-of-place transform is allowed to overwrite its 
            input array with arbitrary data; this can sometimes allow more efficient algorithms to be employed.
            </summary>
        </member>
        <member name="F:fftwlib.fftw_flags.Unaligned">
            <summary>
            Rarely used. Specifies that the algorithm may not impose any unusual alignment requirements on the input/output 
            arrays (i.e. no SIMD). This flag is normally not necessary, since the planner automatically detects 
            misaligned arrays. The only use for this flag is if you want to use the guru interface to execute a given 
            plan on a different array that may not be aligned like the original. 
            </summary>
        </member>
        <member name="F:fftwlib.fftw_flags.ConserveMemory">
            <summary>
            Not used.
            </summary>
        </member>
        <member name="F:fftwlib.fftw_flags.Exhaustive">
            <summary>
            Like Patient, but considers an even wider range of algorithms, including many that we think are 
            unlikely to be fast, to produce the most optimal plan but with a substantially increased planning time. 
            </summary>
        </member>
        <member name="F:fftwlib.fftw_flags.PreserveInput">
            <summary>
            Specifies that an out-of-place transform must not change its input array. 
            </summary>
            <remarks>
            This is ordinarily the default, 
            except for c2r and hc2r (i.e. complex-to-real) transforms for which DestroyInput is the default. 
            In the latter cases, passing PreserveInput will attempt to use algorithms that do not destroy the 
            input, at the expense of worse performance; for multi-dimensional c2r transforms, however, no 
            input-preserving algorithms are implemented and the planner will return null if one is requested.
            </remarks>
        </member>
        <member name="F:fftwlib.fftw_flags.Patient">
            <summary>
            Like Measure, but considers a wider range of algorithms and often produces a “more optimal” plan 
            (especially for large transforms), but at the expense of several times longer planning time 
            (especially for large transforms).
            </summary>
        </member>
        <member name="F:fftwlib.fftw_flags.Estimate">
            <summary>
            Specifies that, instead of actual measurements of different algorithms, a simple heuristic is 
            used to pick a (probably sub-optimal) plan quickly. With this flag, the input/output arrays 
            are not overwritten during planning. 
            </summary>
        </member>
        <member name="T:fftwlib.fftw_direction">
            <summary>
            Defines direction of operation
            </summary>
        </member>
        <member name="F:fftwlib.fftw_direction.Forward">
            <summary>
            Computes a regular DFT
            </summary>
        </member>
        <member name="F:fftwlib.fftw_direction.Backward">
            <summary>
            Computes the inverse DFT
            </summary>
        </member>
        <member name="T:fftwlib.fftw_kind">
            <summary>
            Kinds of real-to-real transforms
            </summary>
        </member>
        <member name="T:fftwlib.fftwf">
            <summary>
            Contains the Basic Interface FFTW functions for single-precision (float) operations
            </summary>
        </member>
        <member name="M:fftwlib.fftwf.malloc(System.Int32)">
            <summary>
            Allocates FFTW-optimized unmanaged memory
            </summary>
            <param name="length">Amount to allocate, in bytes</param>
            <returns>Pointer to allocated memory</returns>
        </member>
        <member name="M:fftwlib.fftwf.free(System.IntPtr)">
            <summary>
            Deallocates memory allocated by FFTW malloc
            </summary>
            <param name="mem">Pointer to memory to release</param>
        </member>
        <member name="M:fftwlib.fftwf.destroy_plan(System.IntPtr)">
            <summary>
            Deallocates an FFTW plan and all associated resources
            </summary>
            <param name="plan">Pointer to the plan to release</param>
        </member>
        <member name="M:fftwlib.fftwf.cleanup">
            <summary>
            Clears all memory used by FFTW, resets it to initial state. Does not replace destroy_plan and free
            </summary>
            <remarks>After calling fftw_cleanup, all existing plans become undefined, and you should not 
            attempt to execute them nor to destroy them. You can however create and execute/destroy new plans, 
            in which case FFTW starts accumulating wisdom information again. 
            fftw_cleanup does not deallocate your plans; you should still call fftw_destroy_plan for this purpose.</remarks>
        </member>
        <member name="M:fftwlib.fftwf.set_timelimit(System.Double)">
            <summary>
            Sets the maximum time that can be used by the planner.
            </summary>
            <param name="seconds">Maximum time, in seconds.</param>
            <remarks>This function instructs FFTW to spend at most seconds seconds (approximately) in the planner. 
            If seconds == -1.0 (the default value), then planning time is unbounded. 
            Otherwise, FFTW plans with a progressively wider range of algorithms until the the given time limit is 
            reached or the given range of algorithms is explored, returning the best available plan. For example, 
            specifying fftw_flags.Patient first plans in Estimate mode, then in Measure mode, then finally (time 
            permitting) in Patient. If fftw_flags.Exhaustive is specified instead, the planner will further progress to 
            Exhaustive mode. 
            </remarks>
        </member>
        <member name="M:fftwlib.fftwf.execute(System.IntPtr)">
            <summary>
            Executes an FFTW plan, provided that the input and output arrays still exist
            </summary>
            <param name="plan">Pointer to the plan to execute</param>
            <remarks>execute (and equivalents) is the only function in FFTW guaranteed to be thread-safe.</remarks>
        </member>
        <member name="M:fftwlib.fftwf.dft_1d(System.Int32,System.IntPtr,System.IntPtr,fftwlib.fftw_direction,fftwlib.fftw_flags)">
            <summary>
            Creates a plan for a 1-dimensional complex-to-complex DFT
            </summary>
            <param name="n">The logical size of the transform</param>
            <param name="direction">Specifies the direction of the transform</param>
            <param name="input">Pointer to an array of 8-byte complex numbers</param>
            <param name="output">Pointer to an array of 8-byte complex numbers</param>
            <param name="flags">Flags that specify the behavior of the planner</param>
        </member>
        <member name="M:fftwlib.fftwf.dft_2d(System.Int32,System.Int32,System.IntPtr,System.IntPtr,fftwlib.fftw_direction,fftwlib.fftw_flags)">
            <summary>
            Creates a plan for a 2-dimensional complex-to-complex DFT
            </summary>
            <param name="nx">The logical size of the transform along the first dimension</param>
            <param name="ny">The logical size of the transform along the second dimension</param>
            <param name="direction">Specifies the direction of the transform</param>
            <param name="input">Pointer to an array of 8-byte complex numbers</param>
            <param name="output">Pointer to an array of 8-byte complex numbers</param>
            <param name="flags">Flags that specify the behavior of the planner</param>
        </member>
        <member name="M:fftwlib.fftwf.dft_3d(System.Int32,System.Int32,System.Int32,System.IntPtr,System.IntPtr,fftwlib.fftw_direction,fftwlib.fftw_flags)">
            <summary>
            Creates a plan for a 3-dimensional complex-to-complex DFT
            </summary>
            <param name="nx">The logical size of the transform along the first dimension</param>
            <param name="ny">The logical size of the transform along the second dimension</param>
            <param name="nz">The logical size of the transform along the third dimension</param>
            <param name="direction">Specifies the direction of the transform</param>
            <param name="input">Pointer to an array of 8-byte complex numbers</param>
            <param name="output">Pointer to an array of 8-byte complex numbers</param>
            <param name="flags">Flags that specify the behavior of the planner</param>
        </member>
        <member name="M:fftwlib.fftwf.dft(System.Int32,System.Int32[],System.IntPtr,System.IntPtr,fftwlib.fftw_direction,fftwlib.fftw_flags)">
            <summary>
            Creates a plan for an n-dimensional complex-to-complex DFT
            </summary>
            <param name="rank">Number of dimensions</param>
            <param name="n">Array containing the logical size along each dimension</param>
            <param name="direction">Specifies the direction of the transform</param>
            <param name="input">Pointer to an array of 8-byte complex numbers</param>
            <param name="output">Pointer to an array of 8-byte complex numbers</param>
            <param name="flags">Flags that specify the behavior of the planner</param>
        </member>
        <member name="M:fftwlib.fftwf.dft_r2c_1d(System.Int32,System.IntPtr,System.IntPtr,fftwlib.fftw_flags)">
            <summary>
            Creates a plan for a 1-dimensional real-to-complex DFT
            </summary>
            <param name="n">Number of REAL (input) elements in the transform</param>
            <param name="input">Pointer to an array of 4-byte real numbers</param>
            <param name="output">Pointer to an array of 8-byte complex numbers</param>
            <param name="flags">Flags that specify the behavior of the planner</param>
        </member>
        <member name="M:fftwlib.fftwf.dft_r2c_2d(System.Int32,System.Int32,System.IntPtr,System.IntPtr,fftwlib.fftw_flags)">
            <summary>
            Creates a plan for a 2-dimensional real-to-complex DFT
            </summary>
            <param name="nx">Number of REAL (input) elements in the transform along the first dimension</param>
            <param name="ny">Number of REAL (input) elements in the transform along the second dimension</param>
            <param name="input">Pointer to an array of 4-byte real numbers</param>
            <param name="output">Pointer to an array of 8-byte complex numbers</param>
            <param name="flags">Flags that specify the behavior of the planner</param>
        </member>
        <member name="M:fftwlib.fftwf.dft_r2c_3d(System.Int32,System.Int32,System.Int32,System.IntPtr,System.IntPtr,fftwlib.fftw_flags)">
            <summary>
            Creates a plan for a 3-dimensional real-to-complex DFT
            </summary>
            <param name="nx">Number of REAL (input) elements in the transform along the first dimension</param>
            <param name="ny">Number of REAL (input) elements in the transform along the second dimension</param>
            <param name="nz">Number of REAL (input) elements in the transform along the third dimension</param>
            <param name="input">Pointer to an array of 4-byte real numbers</param>
            <param name="output">Pointer to an array of 8-byte complex numbers</param>
            <param name="flags">Flags that specify the behavior of the planner</param>
        </member>
        <member name="M:fftwlib.fftwf.dft_r2c(System.Int32,System.Int32[],System.IntPtr,System.IntPtr,fftwlib.fftw_flags)">
            <summary>
            Creates a plan for an n-dimensional real-to-complex DFT
            </summary>
            <param name="rank">Number of dimensions</param>
            <param name="n">Array containing the number of REAL (input) elements along each dimension</param>
            <param name="input">Pointer to an array of 4-byte real numbers</param>
            <param name="output">Pointer to an array of 8-byte complex numbers</param>
            <param name="flags">Flags that specify the behavior of the planner</param>
        </member>
        <member name="M:fftwlib.fftwf.dft_c2r_1d(System.Int32,System.IntPtr,System.IntPtr,fftwlib.fftw_flags)">
            <summary>
            Creates a plan for a 1-dimensional complex-to-real DFT
            </summary>
            <param name="n">Number of REAL (output) elements in the transform</param>
            <param name="input">Pointer to an array of 8-byte complex numbers</param>
            <param name="output">Pointer to an array of 4-byte real numbers</param>
            <param name="flags">Flags that specify the behavior of the planner</param>
        </member>
        <member name="M:fftwlib.fftwf.dft_c2r_2d(System.Int32,System.Int32,System.IntPtr,System.IntPtr,fftwlib.fftw_flags)">
            <summary>
            Creates a plan for a 2-dimensional complex-to-real DFT
            </summary>
            <param name="nx">Number of REAL (output) elements in the transform along the first dimension</param>
            <param name="ny">Number of REAL (output) elements in the transform along the second dimension</param>
            <param name="input">Pointer to an array of 8-byte complex numbers</param>
            <param name="output">Pointer to an array of 4-byte real numbers</param>
            <param name="flags">Flags that specify the behavior of the planner</param>
        </member>
        <member name="M:fftwlib.fftwf.dft_c2r_3d(System.Int32,System.Int32,System.Int32,System.IntPtr,System.IntPtr,fftwlib.fftw_flags)">
            <summary>
            Creates a plan for a 3-dimensional complex-to-real DFT
            </summary>
            <param name="nx">Number of REAL (output) elements in the transform along the first dimension</param>
            <param name="ny">Number of REAL (output) elements in the transform along the second dimension</param>
            <param name="nz">Number of REAL (output) elements in the transform along the third dimension</param>
            <param name="input">Pointer to an array of 8-byte complex numbers</param>
            <param name="output">Pointer to an array of 4-byte real numbers</param>
            <param name="flags">Flags that specify the behavior of the planner</param>
        </member>
        <member name="M:fftwlib.fftwf.dft_c2r(System.Int32,System.Int32[],System.IntPtr,System.IntPtr,fftwlib.fftw_flags)">
            <summary>
            Creates a plan for an n-dimensional complex-to-real DFT
            </summary>
            <param name="rank">Number of dimensions</param>
            <param name="n">Array containing the number of REAL (output) elements along each dimension</param>
            <param name="input">Pointer to an array of 8-byte complex numbers</param>
            <param name="output">Pointer to an array of 4-byte real numbers</param>
            <param name="flags">Flags that specify the behavior of the planner</param>
        </member>
        <member name="M:fftwlib.fftwf.r2r_1d(System.Int32,System.IntPtr,System.IntPtr,fftwlib.fftw_kind,fftwlib.fftw_flags)">
            <summary>
            Creates a plan for a 1-dimensional real-to-real DFT
            </summary>
            <param name="n">Number of elements in the transform</param>
            <param name="input">Pointer to an array of 4-byte real numbers</param>
            <param name="output">Pointer to an array of 4-byte real numbers</param>
            <param name="kind">The kind of real-to-real transform to compute</param>
            <param name="flags">Flags that specify the behavior of the planner</param>
        </member>
        <member name="M:fftwlib.fftwf.r2r_2d(System.Int32,System.Int32,System.IntPtr,System.IntPtr,fftwlib.fftw_kind,fftwlib.fftw_kind,fftwlib.fftw_flags)">
            <summary>
            Creates a plan for a 2-dimensional real-to-real DFT
            </summary>
            <param name="nx">Number of elements in the transform along the first dimension</param>
            <param name="ny">Number of elements in the transform along the second dimension</param>
            <param name="input">Pointer to an array of 4-byte real numbers</param>
            <param name="output">Pointer to an array of 4-byte real numbers</param>
            <param name="kindx">The kind of real-to-real transform to compute along the first dimension</param>
            <param name="kindy">The kind of real-to-real transform to compute along the second dimension</param>
            <param name="flags">Flags that specify the behavior of the planner</param>
        </member>
        <member name="M:fftwlib.fftwf.r2r_3d(System.Int32,System.Int32,System.Int32,System.IntPtr,System.IntPtr,fftwlib.fftw_kind,fftwlib.fftw_kind,fftwlib.fftw_kind,fftwlib.fftw_flags)">
            <summary>
            Creates a plan for a 3-dimensional real-to-real DFT
            </summary>
            <param name="nx">Number of elements in the transform along the first dimension</param>
            <param name="ny">Number of elements in the transform along the second dimension</param>
            <param name="nz">Number of elements in the transform along the third dimension</param>
            <param name="input">Pointer to an array of 4-byte real numbers</param>
            <param name="output">Pointer to an array of 4-byte real numbers</param>
            <param name="kindx">The kind of real-to-real transform to compute along the first dimension</param>
            <param name="kindy">The kind of real-to-real transform to compute along the second dimension</param>
            <param name="kindz">The kind of real-to-real transform to compute along the third dimension</param>
            <param name="flags">Flags that specify the behavior of the planner</param>
        </member>
        <member name="M:fftwlib.fftwf.r2r(System.Int32,System.Int32[],System.IntPtr,System.IntPtr,fftwlib.fftw_kind[],fftwlib.fftw_flags)">
            <summary>
            Creates a plan for an n-dimensional real-to-real DFT
            </summary>
            <param name="rank">Number of dimensions</param>
            <param name="n">Array containing the number of elements in the transform along each dimension</param>
            <param name="input">Pointer to an array of 4-byte real numbers</param>
            <param name="output">Pointer to an array of 4-byte real numbers</param>
            <param name="kind">An array containing the kind of real-to-real transform to compute along each dimension</param>
            <param name="flags">Flags that specify the behavior of the planner</param>
        </member>
        <member name="M:fftwlib.fftwf.flops(System.IntPtr,System.Double@,System.Double@,System.Double@)">
            <summary>
            Returns (approximately) the number of flops used by a certain plan
            </summary>
            <param name="plan">The plan to measure</param>
            <param name="add">Reference to double to hold number of adds</param>
            <param name="mul">Reference to double to hold number of muls</param>
            <param name="fma">Reference to double to hold number of fmas (fused multiply-add)</param>
            <remarks>Total flops ~= add+mul+2*fma or add+mul+fma if fma is supported</remarks>
        </member>
        <member name="M:fftwlib.fftwf.print_plan(System.IntPtr)">
            <summary>
            Outputs a "nerd-readable" version of the specified plan to stdout
            </summary>
            <param name="plan">The plan to output</param>
        </member>
        <member name="T:fftwlib.fftw">
            <summary>
            Contains the Basic Interface FFTW functions for double-precision (double) operations
            </summary>
        </member>
        <member name="M:fftwlib.fftw.malloc(System.Int32)">
            <summary>
            Allocates FFTW-optimized unmanaged memory
            </summary>
            <param name="length">Amount to allocate, in bytes</param>
            <returns>Pointer to allocated memory</returns>
        </member>
        <member name="M:fftwlib.fftw.free(System.IntPtr)">
            <summary>
            Deallocates memory allocated by FFTW malloc
            </summary>
            <param name="mem">Pointer to memory to release</param>
        </member>
        <member name="M:fftwlib.fftw.destroy_plan(System.IntPtr)">
            <summary>
            Deallocates an FFTW plan and all associated resources
            </summary>
            <param name="plan">Pointer to the plan to release</param>
        </member>
        <member name="M:fftwlib.fftw.cleanup">
            <summary>
            Clears all memory used by FFTW, resets it to initial state. Does not replace destroy_plan and free
            </summary>
            <remarks>After calling fftw_cleanup, all existing plans become undefined, and you should not 
            attempt to execute them nor to destroy them. You can however create and execute/destroy new plans, 
            in which case FFTW starts accumulating wisdom information again. 
            fftw_cleanup does not deallocate your plans; you should still call fftw_destroy_plan for this purpose.</remarks>
        </member>
        <member name="M:fftwlib.fftw.set_timelimit(System.Double)">
            <summary>
            Sets the maximum time that can be used by the planner.
            </summary>
            <param name="seconds">Maximum time, in seconds.</param>
            <remarks>This function instructs FFTW to spend at most seconds seconds (approximately) in the planner. 
            If seconds == -1.0 (the default value), then planning time is unbounded. 
            Otherwise, FFTW plans with a progressively wider range of algorithms until the the given time limit is 
            reached or the given range of algorithms is explored, returning the best available plan. For example, 
            specifying fftw_flags.Patient first plans in Estimate mode, then in Measure mode, then finally (time 
            permitting) in Patient. If fftw_flags.Exhaustive is specified instead, the planner will further progress to 
            Exhaustive mode. 
            </remarks>
        </member>
        <member name="M:fftwlib.fftw.execute(System.IntPtr)">
            <summary>
            Executes an FFTW plan, provided that the input and output arrays still exist
            </summary>
            <param name="plan">Pointer to the plan to execute</param>
            <remarks>execute (and equivalents) is the only function in FFTW guaranteed to be thread-safe.</remarks>
        </member>
        <member name="M:fftwlib.fftw.dft_1d(System.Int32,System.IntPtr,System.IntPtr,fftwlib.fftw_direction,fftwlib.fftw_flags)">
            <summary>
            Creates a plan for a 1-dimensional complex-to-complex DFT
            </summary>
            <param name="n">The logical size of the transform</param>
            <param name="direction">Specifies the direction of the transform</param>
            <param name="input">Pointer to an array of 16-byte complex numbers</param>
            <param name="output">Pointer to an array of 16-byte complex numbers</param>
            <param name="flags">Flags that specify the behavior of the planner</param>
        </member>
        <member name="M:fftwlib.fftw.dft_2d(System.Int32,System.Int32,System.IntPtr,System.IntPtr,fftwlib.fftw_direction,fftwlib.fftw_flags)">
            <summary>
            Creates a plan for a 2-dimensional complex-to-complex DFT
            </summary>
            <param name="nx">The logical size of the transform along the first dimension</param>
            <param name="ny">The logical size of the transform along the second dimension</param>
            <param name="direction">Specifies the direction of the transform</param>
            <param name="input">Pointer to an array of 16-byte complex numbers</param>
            <param name="output">Pointer to an array of 16-byte complex numbers</param>
            <param name="flags">Flags that specify the behavior of the planner</param>
        </member>
        <member name="M:fftwlib.fftw.dft_3d(System.Int32,System.Int32,System.Int32,System.IntPtr,System.IntPtr,fftwlib.fftw_direction,fftwlib.fftw_flags)">
            <summary>
            Creates a plan for a 3-dimensional complex-to-complex DFT
            </summary>
            <param name="nx">The logical size of the transform along the first dimension</param>
            <param name="ny">The logical size of the transform along the second dimension</param>
            <param name="nz">The logical size of the transform along the third dimension</param>
            <param name="direction">Specifies the direction of the transform</param>
            <param name="input">Pointer to an array of 16-byte complex numbers</param>
            <param name="output">Pointer to an array of 16-byte complex numbers</param>
            <param name="flags">Flags that specify the behavior of the planner</param>
        </member>
        <member name="M:fftwlib.fftw.dft(System.Int32,System.Int32[],System.IntPtr,System.IntPtr,fftwlib.fftw_direction,fftwlib.fftw_flags)">
            <summary>
            Creates a plan for an n-dimensional complex-to-complex DFT
            </summary>
            <param name="rank">Number of dimensions</param>
            <param name="n">Array containing the logical size along each dimension</param>
            <param name="direction">Specifies the direction of the transform</param>
            <param name="input">Pointer to an array of 16-byte complex numbers</param>
            <param name="output">Pointer to an array of 16-byte complex numbers</param>
            <param name="flags">Flags that specify the behavior of the planner</param>
        </member>
        <member name="M:fftwlib.fftw.dft_r2c_1d(System.Int32,System.IntPtr,System.IntPtr,fftwlib.fftw_flags)">
            <summary>
            Creates a plan for a 1-dimensional real-to-complex DFT
            </summary>
            <param name="n">Number of REAL (input) elements in the transform</param>
            <param name="input">Pointer to an array of 8-byte real numbers</param>
            <param name="output">Pointer to an array of 16-byte complex numbers</param>
            <param name="flags">Flags that specify the behavior of the planner</param>
        </member>
        <member name="M:fftwlib.fftw.dft_r2c_2d(System.Int32,System.Int32,System.IntPtr,System.IntPtr,fftwlib.fftw_flags)">
            <summary>
            Creates a plan for a 2-dimensional real-to-complex DFT
            </summary>
            <param name="nx">Number of REAL (input) elements in the transform along the first dimension</param>
            <param name="ny">Number of REAL (input) elements in the transform along the second dimension</param>
            <param name="input">Pointer to an array of 8-byte real numbers</param>
            <param name="output">Pointer to an array of 16-byte complex numbers</param>
            <param name="flags">Flags that specify the behavior of the planner</param>
        </member>
        <member name="M:fftwlib.fftw.dft_r2c_3d(System.Int32,System.Int32,System.Int32,System.IntPtr,System.IntPtr,fftwlib.fftw_flags)">
            <summary>
            Creates a plan for a 3-dimensional real-to-complex DFT
            </summary>
            <param name="nx">Number of REAL (input) elements in the transform along the first dimension</param>
            <param name="ny">Number of REAL (input) elements in the transform along the second dimension</param>
            <param name="nz">Number of REAL (input) elements in the transform along the third dimension</param>
            <param name="input">Pointer to an array of 8-byte real numbers</param>
            <param name="output">Pointer to an array of 16-byte complex numbers</param>
            <param name="flags">Flags that specify the behavior of the planner</param>
        </member>
        <member name="M:fftwlib.fftw.dft_r2c(System.Int32,System.Int32[],System.IntPtr,System.IntPtr,fftwlib.fftw_flags)">
            <summary>
            Creates a plan for an n-dimensional real-to-complex DFT
            </summary>
            <param name="rank">Number of dimensions</param>
            <param name="n">Array containing the number of REAL (input) elements along each dimension</param>
            <param name="input">Pointer to an array of 8-byte real numbers</param>
            <param name="output">Pointer to an array of 16-byte complex numbers</param>
            <param name="flags">Flags that specify the behavior of the planner</param>
        </member>
        <member name="M:fftwlib.fftw.dft_c2r_1d(System.Int32,System.IntPtr,System.IntPtr,fftwlib.fftw_flags)">
            <summary>
            Creates a plan for a 1-dimensional complex-to-real DFT
            </summary>
            <param name="n">Number of REAL (output) elements in the transform</param>
            <param name="input">Pointer to an array of 16-byte complex numbers</param>
            <param name="output">Pointer to an array of 8-byte real numbers</param>
            <param name="flags">Flags that specify the behavior of the planner</param>
        </member>
        <member name="M:fftwlib.fftw.dft_c2r_2d(System.Int32,System.Int32,System.IntPtr,System.IntPtr,fftwlib.fftw_flags)">
            <summary>
            Creates a plan for a 2-dimensional complex-to-real DFT
            </summary>
            <param name="nx">Number of REAL (output) elements in the transform along the first dimension</param>
            <param name="ny">Number of REAL (output) elements in the transform along the second dimension</param>
            <param name="input">Pointer to an array of 16-byte complex numbers</param>
            <param name="output">Pointer to an array of 8-byte real numbers</param>
            <param name="flags">Flags that specify the behavior of the planner</param>
        </member>
        <member name="M:fftwlib.fftw.dft_c2r_3d(System.Int32,System.Int32,System.Int32,System.IntPtr,System.IntPtr,fftwlib.fftw_flags)">
            <summary>
            Creates a plan for a 3-dimensional complex-to-real DFT
            </summary>
            <param name="nx">Number of REAL (output) elements in the transform along the first dimension</param>
            <param name="ny">Number of REAL (output) elements in the transform along the second dimension</param>
            <param name="nz">Number of REAL (output) elements in the transform along the third dimension</param>
            <param name="input">Pointer to an array of 16-byte complex numbers</param>
            <param name="output">Pointer to an array of 8-byte real numbers</param>
            <param name="flags">Flags that specify the behavior of the planner</param>
        </member>
        <member name="M:fftwlib.fftw.dft_c2r(System.Int32,System.Int32[],System.IntPtr,System.IntPtr,fftwlib.fftw_flags)">
            <summary>
            Creates a plan for an n-dimensional complex-to-real DFT
            </summary>
            <param name="rank">Number of dimensions</param>
            <param name="n">Array containing the number of REAL (output) elements along each dimension</param>
            <param name="input">Pointer to an array of 16-byte complex numbers</param>
            <param name="output">Pointer to an array of 8-byte real numbers</param>
            <param name="flags">Flags that specify the behavior of the planner</param>
        </member>
        <member name="M:fftwlib.fftw.r2r_1d(System.Int32,System.IntPtr,System.IntPtr,fftwlib.fftw_kind,fftwlib.fftw_flags)">
            <summary>
            Creates a plan for a 1-dimensional real-to-real DFT
            </summary>
            <param name="n">Number of elements in the transform</param>
            <param name="input">Pointer to an array of 8-byte real numbers</param>
            <param name="output">Pointer to an array of 8-byte real numbers</param>
            <param name="kind">The kind of real-to-real transform to compute</param>
            <param name="flags">Flags that specify the behavior of the planner</param>
        </member>
        <member name="M:fftwlib.fftw.r2r_2d(System.Int32,System.Int32,System.IntPtr,System.IntPtr,fftwlib.fftw_kind,fftwlib.fftw_kind,fftwlib.fftw_flags)">
            <summary>
            Creates a plan for a 2-dimensional real-to-real DFT
            </summary>
            <param name="nx">Number of elements in the transform along the first dimension</param>
            <param name="ny">Number of elements in the transform along the second dimension</param>
            <param name="input">Pointer to an array of 8-byte real numbers</param>
            <param name="output">Pointer to an array of 8-byte real numbers</param>
            <param name="kindx">The kind of real-to-real transform to compute along the first dimension</param>
            <param name="kindy">The kind of real-to-real transform to compute along the second dimension</param>
            <param name="flags">Flags that specify the behavior of the planner</param>
        </member>
        <member name="M:fftwlib.fftw.r2r_3d(System.Int32,System.Int32,System.Int32,System.IntPtr,System.IntPtr,fftwlib.fftw_kind,fftwlib.fftw_kind,fftwlib.fftw_kind,fftwlib.fftw_flags)">
            <summary>
            Creates a plan for a 3-dimensional real-to-real DFT
            </summary>
            <param name="nx">Number of elements in the transform along the first dimension</param>
            <param name="ny">Number of elements in the transform along the second dimension</param>
            <param name="nz">Number of elements in the transform along the third dimension</param>
            <param name="input">Pointer to an array of 8-byte real numbers</param>
            <param name="output">Pointer to an array of 8-byte real numbers</param>
            <param name="kindx">The kind of real-to-real transform to compute along the first dimension</param>
            <param name="kindy">The kind of real-to-real transform to compute along the second dimension</param>
            <param name="kindz">The kind of real-to-real transform to compute along the third dimension</param>
            <param name="flags">Flags that specify the behavior of the planner</param>
        </member>
        <member name="M:fftwlib.fftw.r2r(System.Int32,System.Int32[],System.IntPtr,System.IntPtr,fftwlib.fftw_kind[],fftwlib.fftw_flags)">
            <summary>
            Creates a plan for an n-dimensional real-to-real DFT
            </summary>
            <param name="rank">Number of dimensions</param>
            <param name="n">Array containing the number of elements in the transform along each dimension</param>
            <param name="input">Pointer to an array of 8-byte real numbers</param>
            <param name="output">Pointer to an array of 8-byte real numbers</param>
            <param name="kind">An array containing the kind of real-to-real transform to compute along each dimension</param>
            <param name="flags">Flags that specify the behavior of the planner</param>
        </member>
        <member name="M:fftwlib.fftw.flops(System.IntPtr,System.Double@,System.Double@,System.Double@)">
            <summary>
            Returns (approximately) the number of flops used by a certain plan
            </summary>
            <param name="plan">The plan to measure</param>
            <param name="add">Reference to double to hold number of adds</param>
            <param name="mul">Reference to double to hold number of muls</param>
            <param name="fma">Reference to double to hold number of fmas (fused multiply-add)</param>
            <remarks>Total flops ~= add+mul+2*fma or add+mul+fma if fma is supported</remarks>
        </member>
        <member name="M:fftwlib.fftw.print_plan(System.IntPtr)">
            <summary>
            Outputs a "nerd-readable" version of the specified plan to stdout
            </summary>
            <param name="plan">The plan to output</param>
        </member>
    </members>
</doc>
